{
 "InE": [
  0,
  0,
  0,
  0,
  0,
  0,
  0,
  0,
  0,
  0,
  0,
  0,
  0,
  0,
  0,
  0,
  0,
  0,
  0,
  0,
  0,
  0.3227569588973982,
  0.22228483068568794,
  0.20559250818508282,
  0.19143325481419338,
  0.17203694935311395,
  0.26676498780302627,
  0.5159469300074475,
  0.5725804656237686,
  0.5636543840200454,
  0.5591759275284953,
  0.5588876622204686,
  0.6053030111976692,
  0.5668340417075786,
  0.6172151740177003,
  0.5379813300239759,
  0.4833016031174544,
  0.4714022204933974,
  0.47611369824487687,
  0.6509640775908984,
  0.7000639763539389,
  0.7125022952398827,
  0.7750709137362607,
  0.81655818645734,
  0.8766714146500287,
  0.8964660314448069,
  0.9346809125377126,
  1.0599046409357884,
  1.12483166818189,
  1.2081541561635771,
  1.2687873004384271,
  1.3209922875572144,
  1.385728197830863,
  1.4570505021804565,
  1.5139257534824577,
  1.5514850778959282,
  1.5683291894329308,
  1.5968533620486776,
  1.623640346932746,
  1.6645019834457782,
  1.7102842650029813,
  1.7208804025575761,
  1.7574223265071234,
  1.7702679778021053,
  1.811899355859509,
  1.8517074432630647,
  1.8852464369929467,
  1.925457393643404,
  1.967267156105128,
  2.002633098152916,
  2.051434501929275,
  2.0931142976165775,
  2.138601049182172,
  2.1670197307265355,
  2.19135008735424,
  2.20940103240117,
  2.2338431318556764,
  2.258152291945644,
  2.2959633165074766,
  2.33294703133389,
  2.38000866123068,
  2.424170252250201,
  2.4670945716650277,
  2.512463715082789,
  2.557025846068912,
  2.596564495299978,
  2.6480287125316986,
  2.6990587902721774,
  2.741549143850359,
  2.7842229507202947,
  2.829978348807445,
  2.875046973983371,
  2.923132692637977,
  2.9649632525219864,
  3.0123596755460107,
  3.0551376668485273,
  3.1156405232859816,
  3.188222553539474,
  3.25412482038908,
  3.324199763977516,
  3.3922478173101545,
  3.463238657625176,
  3.532505132645819,
  3.6094599391010007,
  3.6952041312329973,
  3.7994359689036545,
  3.888681981924077,
  3.9668177954871355,
  4.061630289790029,
  4.154447588426674,
  4.251924781762741,
  4.354873286695636,
  4.446078359249205,
  4.531145431232171,
  4.610316347015732,
  4.683943716290316,
  4.751985779630945,
  4.820871265660299,
  4.882162014068961,
  4.94334808434805,
  5.004972949485068,
  5.080450664355372,
  5.132991284919412
 ],
 "OutE": [
  0,
  0,
  0,
  0,
  0,
  0,
  0,
  0,
  0,
  1,
  1,
  1,
  1,
  1,
  1,
  1,
  0.9709505944546686,
  0.9709505944546686,
  1.4591479170272446,
  1.3787834934861753,
  1.4056390622295662,
  1.295461844238322,
  1.4299111709758698,
  1.2772018112022603,
  1.2949950747154697,
  1.5166422780956523,
  1.2884926890861643,
  1.5703612224162216,
  1.6203503253188212,
  1.556367817287451,
  1.5750790692211067,
  1.4600859035905742,
  1.4958009527335725,
  1.4138075713394014,
  1.3765749158191496,
  1.445244507416663,
  1.6101039456357074,
  1.5977018510270893,
  1.655921340195071,
  1.680040942991429,
  1.6630882249434993,
  1.6831686384738922,
  1.6990790923489645,
  1.6803472145378393,
  1.7178404648050176,
  1.7439943064708812,
  1.7674136865649634,
  1.88377082772983,
  1.9338668727774082,
  2.0014211720666326,
  2.0739928009502666,
  2.077493747284603,
  2.1384189983326904,
  2.146437024219896,
  2.1768075488103156,
  2.206687996325186,
  2.20517429804344,
  2.201010738301275,
  2.2131838687941525,
  2.2138084430465534,
  2.2491263990386483,
  2.2493145207043455,
  2.2519805754541062,
  2.2547268707493906,
  2.27275180282168,
  2.276200211438789,
  2.283692236199912,
  2.293111951064782,
  2.321895060506122,
  2.3408768376790077,
  2.374915646997089,
  2.3988274316559886,
  2.4110155275652767,
  2.431743354681926,
  2.4380843387786815,
  2.442848911252209,
  2.458887224853388,
  2.4680989633984574,
  2.486762429513406,
  2.508292957891472,
  2.534762682334542,
  2.5657648608947494,
  2.593472045964769,
  2.626313708227855,
  2.665224730508891,
  2.6931307861505767,
  2.7316308593028666,
  2.7750541300997167,
  2.808888188175084,
  2.8456672894215274,
  2.889073348483178,
  2.929413159140466,
  2.972577253555991,
  3.0153790492260852,
  3.0639375186652664,
  3.1095139405033905,
  3.1813508655362805,
  3.252737120778424,
  3.322272591143855,
  3.396827049736115,
  3.469432855279137,
  3.5458778527968517,
  3.6230593775417277,
  3.7062616518921003,
  3.7961624940424916,
  3.901733696634671,
  3.9967524813113746,
  4.087085093284651,
  4.197775490706258,
  4.301199715156248,
  4.398724841924403,
  4.494598257787092,
  4.583521988918379,
  4.670363523238465,
  4.757261886843516,
  4.84265462066298,
  4.9226497574664725,
  5.001700953375676,
  5.075294139314539,
  5.148228274035413,
  5.221064808676204,
  5.300478765152183,
  5.353457161983039
 ],
 "UndirectedE": [
  0,
  0,
  0,
  0,
  0,
  0,
  0,
  0,
  0,
  0.7219280948873623,
  0.7219280948873623,
  0.7219280948873623,
  0.7219280948873623,
  0.7219280948873623,
  0.7219280948873623,
  0.7219280948873623,
  0.6840384356390417,
  0.6840384356390417,
  0.8030717273241024,
  0.747584679824574,
  0.8076702057269436,
  0.8451064151274782,
  0.7837738194211612,
  0.7107668902022878,
  0.7246122218089348,
  0.792421513003899,
  0.7473185040124005,
  1.0635798541810815,
  1.2395128434915845,
  1.2102816721408909,
  1.2452001881173969,
  1.2049022914005898,
  1.2169968409133691,
  1.1398352277143993,
  1.1475012982804988,
  1.1257024420427426,
  1.1429427318743313,
  1.138405646388323,
  1.1846089432368063,
  1.2975441369182141,
  1.3215073780986302,
  1.3426739450466043,
  1.3865679048567208,
  1.4092181359000273,
  1.4541061777054312,
  1.472094617842324,
  1.511353308709089,
  1.613269081723519,
  1.6808530769182042,
  1.7779516352056493,
  1.8454424495742499,
  1.878028469078786,
  1.9471734914418586,
  2.0008772857071744,
  2.057308347478577,
  2.099173569725018,
  2.1155638924831646,
  2.1352280158902355,
  2.1620069247918647,
  2.1828273689534985,
  2.2332367274717906,
  2.2421204696384316,
  2.2688947031953837,
  2.284705883750443,
  2.31539694077133,
  2.34481819279352,
  2.3682403759293638,
  2.394692056656615,
  2.4410528878275666,
  2.4758282153532654,
  2.523619044858964,
  2.5681803573159767,
  2.6071772113455074,
  2.64344286278255,
  2.6660281314313314,
  2.685763921917111,
  2.7117530194166997,
  2.739510959280393,
  2.7742736779134773,
  2.8125188881402123,
  2.8550673306181995,
  2.9003112403191063,
  2.943193760536299,
  2.9900787921684846,
  3.0397097273454836,
  3.0823081074943124,
  3.134307066941092,
  3.189163987370506,
  3.2367399777933623,
  3.283066694285709,
  3.3356914675022766,
  3.3875734412780814,
  3.439546383175216,
  3.491435808176227,
  3.5461676789576093,
  3.59659971066736,
  3.670335343839646,
  3.7516591592435704,
  3.8326392247138417,
  3.9187449785929176,
  4.003514061347529,
  4.092621269875828,
  4.184516992725975,
  4.281660334558583,
  4.387034480004829,
  4.5082664847328875,
  4.616123368806774,
  4.715251494167642,
  4.833808568556331,
  4.949177199187727,
  5.059844750319327,
  5.171664701506505,
  5.2756267161227495,
  5.3771085785347115,
  5.477380889643096,
  5.574675703348423,
  5.6657466694909315,
  5.755240695841987,
  5.8376353062812445,
  5.918817531409515,
  6.000427383644807,
  6.090502408047543,
  6.151801482412261
 ]
}