{
 "InE": [
  0,
  0,
  0,
  0,
  0,
  0,
  0,
  0,
  0,
  0,
  0,
  0,
  0,
  0,
  0,
  0,
  0,
  0,
  0.6500224216483541,
  0.6500224216483541,
  0.6500224216483541,
  0.6500224216483541,
  0.6500224216483541,
  0.6500224216483541,
  0.6500224216483541,
  0.6500224216483541,
  0.6500224216483541,
  0.6500224216483541,
  0.6500224216483541,
  0.6500224216483541,
  0.6500224216483541,
  0.6500224216483541,
  0.6500224216483541,
  0.6500224216483541,
  0.6500224216483541,
  0.6500224216483541,
  0.4689955935892813,
  0.4138168503036339,
  0.39124356362925555,
  0.39124356362925555,
  0.39124356362925555,
  0.39124356362925555,
  0.39124356362925555,
  0.39124356362925555,
  0.33729006661701394,
  0.3227569588973982,
  0.3095434291503251,
  0.6292492238560345,
  0.5746356978376794,
  0.5586293734521993,
  0.4912373418243331,
  0.7769734356069651,
  0.7303800063615659,
  0.893213741152895,
  0.8596410002287573,
  0.8969367429947714,
  0.9537527257515054,
  0.8482372421895485,
  0.774856685605011,
  0.908043870976019,
  0.9169213680691041,
  0.9466195519721016,
  0.8773338528733602,
  0.8226108832840413,
  0.8201840354992185,
  0.8768790558160531,
  0.847024135463092,
  0.8769180504420573,
  0.8738081814107814,
  0.931129863562609,
  0.9089368900140706,
  0.9303115478347875,
  1.0949467848846706,
  1.1271350844946129,
  1.1739259286970714,
  1.2314351719637973,
  1.3174410566634955,
  1.3142466827769395,
  1.3548318794905092,
  1.3738683987758293,
  1.383750834717899,
  1.4380565566555874,
  1.4531599206482706,
  1.4772857243221642,
  1.4671508942420475,
  1.4741165239891125,
  1.4966207866306078,
  1.4996974901155733,
  1.5045516375073986,
  1.5241585214531974,
  1.5460710207720672,
  1.5618226651104214,
  1.5750025031106727,
  1.5868228640240942,
  1.627427739556763,
  1.6368880283954081,
  1.6427824016979113,
  1.6659845957084332,
  1.6882647545599143,
  1.7044048723294325,
  1.723109461925635,
  1.7401458218182069,
  1.7711864514843265,
  1.812391915921282,
  1.8533111112035945,
  1.9045821289694649,
  1.9313983082359871,
  1.9548014730637866,
  2.000643432617934,
  2.063161089116183,
  2.116123608827345,
  2.1791677508423746,
  2.2475329419583017,
  2.313674038260821,
  2.38439725955894,
  2.4631768586213356,
  2.5345501863330924,
  2.6045934525503553,
  2.658568343976111,
  2.7151233220119297,
  2.7677506165071772,
  2.844168719918231,
  2.899769593636978
 ],
 "OutE": [
  0,
  0,
  0,
  0,
  0,
  0,
  0,
  0,
  0,
  0,
  0,
  0,
  0,
  0,
  0,
  0,
  0,
  0,
  1,
  1,
  1,
  1,
  1,
  1,
  1,
  1,
  1,
  1,
  1,
  1,
  1,
  1,
  1,
  1,
  1,
  1,
  1.3709505944546687,
  1.1488348542809166,
  1.0612781244591327,
  1.0612781244591327,
  1.0612781244591327,
  1.0612781244591327,
  1.0612781244591327,
  1.0612781244591327,
  1.1567796494470395,
  1.0957952550009338,
  1.040852082972755,
  1.0949143184120975,
  0.9780155566622413,
  0.9444885341662053,
  0.9373012413074896,
  1.0154312795576,
  0.9255008230823552,
  0.9655272622660829,
  0.9286040240219322,
  1.0446815792293604,
  0.9390352236950166,
  1.0662799962121101,
  1.0243558688606493,
  1.0662508507798882,
  1.094294481061237,
  1.1445837168412392,
  1.2007567630616498,
  1.1508657225486878,
  1.106506856121514,
  1.1224362604407363,
  1.1216328475501436,
  1.1071937974300863,
  1.1018228093312625,
  1.1282505982196744,
  1.09555590686216,
  1.2154582431007817,
  1.2652559198312563,
  1.2834258898095763,
  1.3749136316385073,
  1.4184674540978905,
  1.471717701411232,
  1.4708010289329352,
  1.4997657217153528,
  1.5168833321343462,
  1.5198134560047127,
  1.5761382742092178,
  1.5861200699489812,
  1.6093339540743798,
  1.6034317532492273,
  1.6122018495921036,
  1.6229771589189068,
  1.6350582007376424,
  1.6276793204895597,
  1.6432893852687345,
  1.6405963088094844,
  1.6631373413261987,
  1.6833904106751398,
  1.6812997759522053,
  1.7045196683989128,
  1.7143845472799524,
  1.7178860357324957,
  1.7322487249806895,
  1.7457858409879157,
  1.7645496240601128,
  1.7812106286492535,
  1.8070954557073464,
  1.8325660290476529,
  1.8605296502233684,
  1.8901039442468612,
  1.9309656077204707,
  1.9556867422299646,
  1.9863775902480456,
  2.0320885299067415,
  2.0843754239084022,
  2.1234601556039308,
  2.161789401339227,
  2.2106792552251617,
  2.2661668912926083,
  2.3334471897905122,
  2.4025113266555516,
  2.4729350988330996,
  2.5522740800190373,
  2.617663230118644,
  2.691347085393338,
  2.774634253573336,
  2.877157272327519,
  2.952763268853749
 ],
 "UndirectedE": [
  0,
  0,
  0,
  0,
  0,
  0,
  0,
  0,
  0,
  0,
  0,
  0,
  0,
  0,
  0,
  0,
  0,
  0,
  1.3787834934861753,
  1.3787834934861753,
  1.3787834934861753,
  1.3787834934861753,
  1.3787834934861753,
  1.3787834934861753,
  1.3787834934861753,
  1.3787834934861753,
  1.3787834934861753,
  1.3787834934861753,
  1.3787834934861753,
  1.3787834934861753,
  1.3787834934861753,
  1.3787834934861753,
  1.3787834934861753,
  1.3787834934861753,
  1.3787834934861753,
  1.3787834934861753,
  1.2389012566026307,
  1.0863128407412879,
  1.0214554656116666,
  1.0214554656116666,
  1.0214554656116666,
  1.0214554656116668,
  1.0214554656116668,
  1.0214554656116668,
  0.9737837298712213,
  0.9293550115186283,
  0.8888857761841272,
  1.0976898589791901,
  1.052825604440931,
  1.0159180833727337,
  1.0702145051627516,
  1.2551880960645945,
  1.2538258603105532,
  1.317171724655177,
  1.2637590025959495,
  1.2685452112638866,
  1.2039709014159055,
  1.242567179791948,
  1.1826337937826634,
  1.207580735138535,
  1.2599198310984665,
  1.28293917777922,
  1.2878837824985419,
  1.2593202525661709,
  1.2305789471441866,
  1.2611368062245347,
  1.2272071688994959,
  1.225224412535353,
  1.2009241729649065,
  1.2427020034357312,
  1.2067966654160753,
  1.2602679108891965,
  1.3875310844666902,
  1.4187455715357138,
  1.496386281903708,
  1.5584507883548793,
  1.6397284949869564,
  1.6391629942857682,
  1.6713338995892455,
  1.698868237071957,
  1.7055043912351364,
  1.7684596150928262,
  1.7878758439154192,
  1.8096776475038638,
  1.8007693931676383,
  1.8138791106700478,
  1.8383443660070353,
  1.848752803143263,
  1.8481610784829243,
  1.8711033927931784,
  1.876368678130832,
  1.9030556021436416,
  1.9278267342293012,
  1.9351590586479968,
  1.9712723772413547,
  1.987203668829021,
  1.9944669195029818,
  2.016605784659645,
  2.0372937606632173,
  2.058384329431534,
  2.0818375059254364,
  2.1065665420325104,
  2.135802687366729,
  2.171386706769842,
  2.210789487564465,
  2.2647632228750063,
  2.2921185590787565,
  2.3254265019667066,
  2.3800828831125167,
  2.4394861847345486,
  2.4878064050806072,
  2.5391567935789787,
  2.6056956566851426,
  2.6734081870385666,
  2.752771749353528,
  2.8382192703710443,
  2.921970848381099,
  3.0117253805642203,
  3.0848872969564254,
  3.1659127472348554,
  3.254535238710452,
  3.361736212528535,
  3.4418567942358362
 ]
}