{
 "InE": [
  0,
  0,
  0,
  0,
  0,
  0,
  0,
  0,
  0,
  0,
  0,
  0,
  0,
  0,
  0,
  0,
  0,
  0,
  0,
  0,
  0,
  0,
  0,
  0,
  0,
  0,
  0,
  0,
  0,
  0,
  0,
  0,
  0,
  0,
  0,
  0,
  0,
  0,
  0,
  0,
  0,
  0,
  0,
  0,
  0,
  0,
  0,
  0,
  0,
  0,
  0,
  0,
  0,
  0,
  0.5916727785823275,
  0.5916727785823275,
  0.5916727785823275,
  0.8631205685666309,
  0.74959525725948,
  1.0529815751302696,
  1.2309595631140104,
  1.0488412604661608,
  1.1238561897747248,
  1.198192411043098,
  1.4607083726170633,
  1.4476809100844723,
  1.4181818781945523,
  1.4234365514688485,
  1.4433243693334805,
  1.441711109896171,
  1.4543926230601876,
  1.4313092338535436,
  1.4369362461185982,
  1.4474574345929643,
  1.404419063161666,
  1.479315493295623,
  1.5011967654282816,
  1.5241102890859857,
  1.519325656531557,
  1.5330276849973512,
  1.5444056623087894,
  1.6828019946825645,
  1.7159802255634258,
  1.7939831538539213,
  1.7164234048940898,
  1.7566157311542523,
  1.82988137653923,
  1.8919829528189989,
  1.9750730643072953,
  2.042521934459193,
  2.1207778984075527,
  2.172252628815325,
  2.2004642369066727,
  2.267991639028403,
  2.2915323219209727,
  2.3310927587293575,
  2.3752481426462064,
  2.4104859890248886,
  2.4660850381698975,
  2.4939662554609874,
  2.5312356223223467,
  2.5503484871919566,
  2.5501188728157826,
  2.546843826132164,
  2.529032938092784,
  2.5189243926488514,
  2.516247481252321,
  2.5139668683016136,
  2.513211650093398,
  2.5145747627992576,
  2.5254855816517705,
  2.526773836702992,
  2.520003149386764,
  2.515637022824131,
  2.5250519421480897,
  2.5342659822090705,
  2.552033588957702,
  2.5720854151993837,
  2.623894189169959,
  2.6591273318208484,
  2.7100919025753862,
  2.764633285438172,
  2.7666152756892366
 ],
 "OutE": [
  0,
  0,
  0,
  0,
  0,
  0,
  0,
  0,
  0,
  0,
  0,
  0,
  0,
  0,
  0,
  0,
  0,
  0,
  0,
  0,
  0,
  0,
  0,
  0,
  0,
  0,
  0,
  0,
  0,
  0,
  0,
  0,
  0,
  0,
  0,
  0,
  0,
  0,
  0,
  0,
  0,
  0,
  0,
  0,
  0,
  0,
  0,
  0,
  0,
  0,
  0,
  0,
  0,
  0,
  0.9182958340544896,
  0.9182958340544896,
  0.9182958340544896,
  0.8631205685666309,
  0.9912642605354287,
  1.0529815751302696,
  1.1216407621868583,
  1.1567796494470395,
  1.273009654835499,
  1.2575318729867573,
  1.5431227781702381,
  1.4235204495967135,
  1.377180062287751,
  1.3145224852543453,
  1.227883430674694,
  1.228303724237643,
  1.1895443630765998,
  1.138846257944485,
  1.1028466835294415,
  1.1144184817197913,
  1.1026102259103943,
  1.0906421703297824,
  1.139897526919188,
  1.1234007309549192,
  1.1374790975757083,
  1.1914945131236507,
  1.224994304788113,
  1.346452407280964,
  1.4131273827563304,
  1.4002044251292294,
  1.435848207374077,
  1.441570429544036,
  1.4777814135301113,
  1.5081194730237848,
  1.5931857383994494,
  1.6223192167025846,
  1.6622560144362133,
  1.6898934986429561,
  1.7431649464575232,
  1.76312985047331,
  1.7882172406274526,
  1.8225320826007982,
  1.8595939665138388,
  1.9134828925108465,
  1.9733879249237434,
  2.018804313245843,
  2.044128885098817,
  2.0687740843246547,
  2.0783965936069757,
  2.073340161495239,
  2.0712850105229133,
  2.074844674062273,
  2.075340047743713,
  2.078179479987086,
  2.0891225508341615,
  2.070219244317173,
  2.0631973998617856,
  2.0623310569004203,
  2.05619312107982,
  2.0647728965459113,
  2.0770693303402505,
  2.096827550634135,
  2.1281426785341395,
  2.1671745349693428,
  2.2393123009653975,
  2.3338233805677735,
  2.4177329671662413,
  2.5123203275729082,
  2.5386350561660893
 ],
 "UndirectedE": [
  0,
  0,
  0,
  0,
  0,
  0,
  0,
  0,
  0,
  0,
  0,
  0,
  0,
  0,
  0,
  0,
  0,
  0,
  0,
  0,
  0,
  0,
  0,
  0,
  0,
  0,
  0,
  0,
  0,
  0,
  0,
  0,
  0,
  0,
  0,
  0,
  0,
  0,
  0,
  0,
  0,
  0,
  0,
  0,
  0,
  0,
  0,
  0,
  0,
  0,
  0,
  0,
  0,
  0,
  0.9182958340544896,
  0.9182958340544896,
  0.9182958340544896,
  1.1401156785146092,
  0.9912642605354287,
  1.2010947341319422,
  1.31415062214826,
  1.2674438038072335,
  1.4559256832887053,
  1.4577138846804896,
  1.771385516483925,
  1.7214115451382934,
  1.70331204618588,
  1.6451527343668515,
  1.590417042167169,
  1.5971305285502082,
  1.5876235669387182,
  1.552158216115799,
  1.5350670671113644,
  1.5654707258788627,
  1.5601091442446622,
  1.5924704050519678,
  1.649770109196161,
  1.6474770900246674,
  1.6439986105192195,
  1.6899922756779864,
  1.7459029898026206,
  1.8633093985948177,
  1.9262193122413518,
  1.9410915729410791,
  1.9467929348028072,
  1.956363293990308,
  2.0283844161342235,
  2.0684346472639668,
  2.1630709251009055,
  2.220941781295281,
  2.273118056780547,
  2.330146896548743,
  2.388499884011419,
  2.4130610235374315,
  2.446748318421559,
  2.499352966244138,
  2.533454653240563,
  2.586245602702726,
  2.6482457947910683,
  2.6910948019702663,
  2.717546980093275,
  2.75278967446474,
  2.7603864455189075,
  2.749886033367103,
  2.7470263852454675,
  2.745238730539439,
  2.7526487657105347,
  2.7537285145901462,
  2.761719421326739,
  2.7472307778578435,
  2.740266046379817,
  2.7365939068118985,
  2.7272528463804506,
  2.7352721496416135,
  2.746938917048955,
  2.7689674619285345,
  2.800196886021461,
  2.840081766116905,
  2.905002370084616,
  2.9801808034350556,
  3.051216575358586,
  3.128855623317439,
  3.149261190068449
 ]
}