{
 "InE": [
  0,
  0,
  0,
  0,
  0,
  0,
  0,
  0,
  0,
  0,
  0,
  0,
  0,
  0.5032583347756457,
  0.4689955935892813,
  0.4689955935892813,
  0.4394969869215134,
  0.4138168503036339,
  0.35335933502142136,
  0.35335933502142136,
  0.5225593745369407,
  0.5032583347756457,
  0.4854607607459135,
  0.4262286569981449,
  0.5032583347756457,
  0.5032583347756457,
  0.4488644887230294,
  0.7320666900931936,
  0.8886865525783177,
  0.8041449686822791,
  0.8503158735648506,
  0.8082439567510163,
  0.8914617639355285,
  0.8532373263312981,
  0.9333445624861993,
  1.0118213673674408,
  0.9818256809905739,
  0.974918651496677,
  1.0181190095428827,
  1.0235796200241751,
  0.9936341794030162,
  0.985974762324077,
  0.9815533213717824,
  0.9623057064790694,
  1.0290423960443476,
  1.0188537018274082,
  1.0123022265095931,
  1.0016760060263332,
  1.0175796472199727,
  1.0620180396629053,
  1.1462006564444827,
  1.1416908690920644,
  1.1036096436287106,
  1.101104954307703,
  1.1017405605860244,
  1.0833456291726642,
  1.1318241603687758,
  1.1669544186498126,
  1.1948879645566437,
  1.2272068922398014,
  1.272803649780736,
  1.2823575552923825,
  1.3221344955538987,
  1.352277044941093,
  1.4166397593871278,
  1.4506450256292465,
  1.4763600490224909,
  1.5213888495635572,
  1.5492718628009232,
  1.5644760035567875,
  1.599286557055779,
  1.6214641267008578,
  1.6487702922762733,
  1.675203600285064,
  1.7084435002525256,
  1.7693892312763273,
  1.7992751834675877,
  1.842310113086419,
  1.8795527341146179,
  1.9348686079698996,
  2.0080060634612495,
  2.06257036218826,
  2.09931386701973,
  2.143480471839742,
  2.1877819851690874,
  2.2265483892310782,
  2.2666956118492743,
  2.3153012922860112,
  2.3488974838015664,
  2.3869553593294914,
  2.4165862547417434,
  2.4413070253018816,
  2.4420506654510232,
  2.4656999637385093,
  2.4952662380793353,
  2.5400309295639083,
  2.5919811643498916,
  2.632097709425269,
  2.670941325997563,
  2.7086950238786085,
  2.73355826265818,
  2.761757415908036,
  2.7956392879879153,
  2.84948942855184,
  2.901147233201584,
  2.9664038292217803,
  3.0053918886066557,
  3.051625657189027,
  3.1249630204238885,
  3.216500595054837,
  3.2921969428218283,
  3.3665851997391125,
  3.431946351882086,
  3.501606111657268,
  3.5633781631598005,
  3.625363586447216,
  3.6890603174875074,
  3.738363304243206,
  3.7782673380467644,
  3.8212910227423262,
  3.8690124879181442,
  3.9424156354236874,
  3.9971786706492924
 ],
 "OutE": [
  0,
  0,
  0,
  0,
  0,
  0,
  0,
  0,
  0,
  1,
  0.8112781244591327,
  0.8112781244591327,
  0.9182958340544896,
  0.9852281360342515,
  0.9544340029249649,
  0.9544340029249649,
  0.9182958340544896,
  0.8812908992306926,
  0.9182958340544896,
  0.9182958340544896,
  0.8366407419411674,
  0.8112781244591327,
  0.7871265862012689,
  0.8112781244591327,
  0.8865408928220899,
  0.8865408928220899,
  1.0577422381270596,
  1.226000284645788,
  1.2815521534935717,
  1.4436428601752278,
  1.4760764226165026,
  1.5273696907312995,
  1.570387147001173,
  1.5231988279752124,
  1.5158998679286182,
  1.5043646286783665,
  1.5237364225705357,
  1.5124243956104766,
  1.6270999775912722,
  1.6212945370740708,
  1.5952272165721804,
  1.599995205581483,
  1.6362063861773866,
  1.6270234593552384,
  1.673187153044757,
  1.666440879413004,
  1.7272888910482866,
  1.7225969771327434,
  1.6996061148505333,
  1.7313893168802283,
  1.7547148899148095,
  1.721618375243628,
  1.7396383736442915,
  1.7491961712827164,
  1.7117358757845498,
  1.6855165123335656,
  1.6943019485916693,
  1.7046904721932603,
  1.7162675708952997,
  1.7347580560588225,
  1.799535051730171,
  1.8170738129482882,
  1.8219106876364874,
  1.8308319410682232,
  1.8648923764395198,
  1.8558237452910293,
  1.8651882834503655,
  1.8676748565590384,
  1.8628526373256982,
  1.8669033602509892,
  1.8830357452117492,
  1.8832438298111078,
  1.886619428464832,
  1.904513408419009,
  1.9318684154174262,
  1.9825679200026898,
  2.012897932342009,
  2.0375272422895203,
  2.0832427371092535,
  2.125235705838246,
  2.187071912072443,
  2.2286934869303145,
  2.265810003469761,
  2.3016670285792418,
  2.3605392310733966,
  2.402631003016892,
  2.4394251450789417,
  2.474445973206805,
  2.503465524918677,
  2.522037471345602,
  2.551059277498262,
  2.5658516822778275,
  2.593895395229303,
  2.6183145568738757,
  2.653666854611254,
  2.6932721558114436,
  2.726948456247479,
  2.7584590780222693,
  2.7942382637615855,
  2.8389998050031986,
  2.877325857796753,
  2.92942919052464,
  2.9749890501681255,
  3.030409844789909,
  3.0821897220475525,
  3.1411316518096575,
  3.1868662965995593,
  3.2384531794530904,
  3.3085874403820386,
  3.3901803125633623,
  3.4547326391940696,
  3.5113275488048306,
  3.5606453247001983,
  3.6149261751836703,
  3.666577973478182,
  3.7268038824887224,
  3.7918502598554036,
  3.8453820723787193,
  3.8986676351561114,
  3.9557486643003656,
  4.023021651234621,
  4.111399736860486,
  4.175707793637584
 ],
 "UndirectedE": [
  0,
  0,
  0,
  0,
  0,
  0,
  0.9182958340544896,
  0.9182958340544896,
  0.9182958340544896,
  0.7219280948873623,
  0.8112781244591327,
  0.8112781244591327,
  0.779349837292085,
  0.9182958340544896,
  0.8739810481273578,
  0.8739810481273578,
  0.9182958340544896,
  0.8812908992306926,
  1.0434356963218767,
  1.0434356963218767,
  0.9996999491704275,
  0.964086328331568,
  0.9308217193956854,
  0.882425954337534,
  0.997626791896466,
  0.9976267918964659,
  0.9838911940083107,
  1.2269545896238876,
  1.3780403924965343,
  1.3582690261059387,
  1.4359061074795734,
  1.40836930178893,
  1.424252996075233,
  1.3917308639690271,
  1.4335262830514373,
  1.4355149946996315,
  1.4323361192705355,
  1.4352033329381417,
  1.5013172488536204,
  1.5020501827341468,
  1.4680521164706646,
  1.4528872018412262,
  1.4758805370508579,
  1.4760710092650309,
  1.5191628526656675,
  1.510876869142068,
  1.556650607579968,
  1.5689314823790668,
  1.569773532665341,
  1.5950131090272837,
  1.6329473879832785,
  1.6100531162737974,
  1.5847168676134582,
  1.5925912568603333,
  1.5733449781574818,
  1.5792582011090102,
  1.6212621166556391,
  1.6568140019005164,
  1.6890838710962095,
  1.7271810344506875,
  1.8087936668362845,
  1.819356964612732,
  1.8402227365082153,
  1.864570001435182,
  1.9205934577888872,
  1.9356664459294337,
  1.957692232691994,
  1.9892118509942764,
  2.006097485641643,
  2.027682545200402,
  2.0505236517308707,
  2.0776470579408945,
  2.095482954099076,
  2.131256893942973,
  2.160882330596065,
  2.2238323885571334,
  2.256971539316965,
  2.300793867961142,
  2.34925471115667,
  2.408002716320292,
  2.4788002904660265,
  2.533849198260042,
  2.5786577323595687,
  2.6203341675094625,
  2.680688437386797,
  2.72932362809192,
  2.7765241439440294,
  2.819724093996103,
  2.859566540805596,
  2.8919219191284156,
  2.9321527750491514,
  2.957505611998322,
  2.9834574453328613,
  3.0122448972358846,
  3.050308541132961,
  3.093672910146903,
  3.1358318579743383,
  3.1744328635588897,
  3.2204057385937976,
  3.2682089054887475,
  3.304393283031186,
  3.3563524618172638,
  3.4060456887571333,
  3.4647370022900055,
  3.524235016122126,
  3.5929159028757445,
  3.6420662303311473,
  3.6991142778017134,
  3.776247442756239,
  3.8674325083324614,
  3.9421489199633424,
  4.0072517217871,
  4.069518899409101,
  4.137327274293792,
  4.201355756048365,
  4.27267412412276,
  4.3506130414887805,
  4.416035615066339,
  4.4775867087509775,
  4.541709441211862,
  4.615716691752084,
  4.71270142811227,
  4.784427623462591
 ]
}