{
 "InE": [
  0,
  0,
  0,
  0,
  0,
  0,
  0,
  0,
  0,
  0,
  0,
  0,
  0,
  0,
  0,
  0,
  0,
  0,
  0,
  0,
  0,
  0,
  0,
  0,
  0,
  0,
  0,
  0,
  0,
  0,
  0,
  0,
  0,
  0,
  0,
  0,
  0,
  0,
  0,
  0,
  0,
  0,
  0,
  0,
  0,
  0,
  0,
  0,
  0,
  0,
  0,
  0,
  0,
  0,
  0,
  0,
  0,
  0.5435644431995963,
  0.5032583347756457,
  0.4138168503036339,
  0.6784070909375677,
  0.6052912052261445,
  1.0099441175227832,
  1.0146772070274483,
  0.9648376511647359,
  0.902438555927501,
  0.9833445444395165,
  1.159044174344673,
  1.187546876741931,
  1.208670331260494,
  1.2140897746935444,
  1.1422143739708361,
  1.1919067228798716,
  1.24798704014952,
  1.3703287351194782,
  1.442947128042358,
  1.5195690385948737,
  1.5445995363760083,
  1.5889724049043836,
  1.5752317328360768,
  1.58065979008533,
  1.6220103016384417,
  1.6472930080043025,
  1.6786321551250465,
  1.7852073068789007,
  1.8537519199967323,
  1.9600629018517755,
  2.043781386037423,
  2.133372927454846,
  2.222278266224565,
  2.287197516218409,
  2.3883994109985256,
  2.4843180239618303,
  2.5805275106762626,
  2.6257489491047576,
  2.6668481482825634,
  2.713449537141642,
  2.7162022803028827,
  2.7141665838727276,
  2.72212327807545,
  2.7131671033024296,
  2.718781319111798,
  2.7221162076610597,
  2.7358217445197055,
  2.7457383537538416,
  2.7514101719796336,
  2.7743815084319228,
  2.784888873229087,
  2.805406705568674,
  2.8378689306597336,
  2.85038416852147,
  2.887821972015756,
  2.9189537470186737,
  2.9450336850395935,
  2.9708658625468445,
  2.9874293756056733,
  3.0018882810787626,
  3.0059453924011836,
  3.0133501046295654,
  3.019437568692024,
  3.020816763983954,
  3.043210738973562,
  3.0576504686627417
 ],
 "OutE": [
  0,
  0,
  0,
  0,
  0,
  0,
  0,
  0,
  0,
  0,
  0,
  0,
  0,
  0,
  0,
  0,
  0,
  0,
  0,
  0,
  0,
  0,
  0,
  0,
  0,
  0,
  0,
  0,
  0,
  0,
  0,
  0,
  0,
  0,
  0,
  0,
  0,
  0,
  0,
  0,
  0,
  0,
  0,
  0,
  0,
  0,
  0,
  0,
  0,
  0,
  0,
  0,
  0,
  0,
  0,
  0,
  0,
  0.5916727785823275,
  0.5435644431995963,
  0.4394969869215134,
  1.1400677626718572,
  0.9881808370046761,
  1.237513637178695,
  1.2139811498460888,
  1.2876227693435158,
  1.230850290886267,
  1.170761866417727,
  1.23909383909925,
  1.3298060709479513,
  1.2371356716554407,
  1.3300685859434704,
  1.1875146896172437,
  1.1227047698575015,
  1.169475746570341,
  1.188745806198171,
  1.2857547441487065,
  1.3638441462984683,
  1.3850726365186241,
  1.4412688727275045,
  1.5027999772362703,
  1.4811980469610897,
  1.4918050949182775,
  1.5423196149891256,
  1.5770274847831818,
  1.6706620041699956,
  1.7489748516483843,
  1.8019563526973335,
  1.8425372977802406,
  1.886877366145785,
  2.038771894161381,
  2.0907008467422816,
  2.1760089945260837,
  2.2779157318777625,
  2.3720766181487445,
  2.4063566348135215,
  2.459700347504529,
  2.514580594948152,
  2.532737072886328,
  2.544307177488544,
  2.5617363560919655,
  2.559917347813724,
  2.5712067907554146,
  2.5935011936078647,
  2.6090761730988468,
  2.621557362314871,
  2.6431890414588626,
  2.670622037481889,
  2.681587878610533,
  2.6984708393496857,
  2.7274181671182194,
  2.740048814201241,
  2.7551861744401913,
  2.7700483843200536,
  2.7919299230666255,
  2.8140140515905343,
  2.8224369859280825,
  2.836112650397711,
  2.8428515494320283,
  2.855043165341523,
  2.8763082289610495,
  2.899623403787923,
  2.9373934465774827,
  2.959365345317464
 ],
 "UndirectedE": [
  0,
  0,
  0,
  0,
  0,
  0,
  0,
  0,
  0,
  0,
  0,
  0,
  0,
  0,
  0,
  0,
  0,
  0,
  0,
  0,
  0,
  0,
  0,
  0,
  0,
  0,
  0,
  0,
  0,
  0,
  0,
  0,
  0,
  0,
  0,
  0,
  0,
  0,
  0,
  0,
  0,
  0,
  0,
  0,
  0,
  0,
  0,
  0,
  0,
  0,
  0,
  0,
  0,
  0,
  0,
  0,
  0,
  0.7732283485249177,
  0.6998428398862386,
  0.54895443442504,
  1.0340185187874256,
  1.015683764249256,
  1.2862284542724525,
  1.2734249625299816,
  1.2979192108378719,
  1.2403441884084874,
  1.3142791073058337,
  1.452234594001656,
  1.526595578860441,
  1.4531860745814233,
  1.5639900400549305,
  1.4432971484485944,
  1.3934657176370457,
  1.510883735454832,
  1.5625003240896584,
  1.6619303358701993,
  1.7591749958060978,
  1.755137926698154,
  1.8131916311093412,
  1.8419340377908526,
  1.831295274930126,
  1.8596442776347153,
  1.9145739722752364,
  1.9488100305877636,
  2.052601208833718,
  2.1422859734590203,
  2.2497338125819386,
  2.306021826163121,
  2.3840340921822336,
  2.527111765291457,
  2.579700481953822,
  2.670640033993609,
  2.7799403706364965,
  2.8962654421001406,
  2.9481534626051773,
  3.0102110539442006,
  3.0666225082852727,
  3.077989480855025,
  3.0893365582255474,
  3.1038897144005726,
  3.0981084029233297,
  3.1124036334097167,
  3.1301738471876726,
  3.1470546227145304,
  3.159820743713503,
  3.1837607588749863,
  3.21811344713496,
  3.231307287572609,
  3.2477449327408148,
  3.2793621726908944,
  3.292555279100693,
  3.315283324714119,
  3.332728221836405,
  3.3616974327376243,
  3.392878252493057,
  3.406897229981125,
  3.424428408065115,
  3.43377341216151,
  3.44852796584723,
  3.4716534075970626,
  3.4973524872212782,
  3.5342919676254523,
  3.556930891425553
 ]
}