{
 "InE": [
  0,
  0,
  0,
  0,
  0,
  0,
  0,
  0,
  0,
  0,
  0,
  0,
  0,
  0,
  0,
  0,
  0,
  0,
  0,
  0,
  0,
  0.24988229283318544,
  0.22228483068568794,
  0.3451173149449532,
  0.32984607020714646,
  0.4138168503036339,
  0.37764632137370036,
  0.3478169135710632,
  0.5260997945093815,
  0.49858993434409105,
  0.5125672043322795,
  0.5988750876588211,
  0.6092303347013498,
  0.5854672073818851,
  0.5740455470361734,
  0.6184933053652342,
  0.6331695219258985,
  0.7072683885017316,
  0.7133709348639897,
  0.6687393783359832,
  0.6302942553267664,
  0.6338257998423047,
  0.6049514981604082,
  0.6091836114431576,
  0.6014723873393547,
  0.5971308185408165,
  0.5899265686955943,
  0.6184857644609436,
  0.6014231235077196,
  0.6044282343540724,
  0.6368700170639325,
  0.6522862916392791,
  0.6426064029672912,
  0.6656863931030943,
  0.6786999047251381,
  0.6880876112771762,
  0.7108011752809786,
  0.7322642643295625,
  0.7924729855162735,
  0.7737723224721603,
  0.7380813198604206,
  0.7612675366348943,
  0.781908314379656,
  0.7981627938350383,
  0.8268984833032764,
  0.8487622469419267,
  0.8639048927556088,
  0.8702919972432146,
  0.8966497239651936,
  0.9192231120965118,
  0.9509948489914521,
  1.0075206682565907,
  1.0601952260938952,
  1.0970479959804282,
  1.136856303187732,
  1.117242508756213,
  1.1584217520281856,
  1.1950464860080565,
  1.2269830217397892,
  1.2477266669322824,
  1.2751388693205856,
  1.305446726810245,
  1.3367492823521312,
  1.370911097172466,
  1.3974781228466389,
  1.4267750699378632,
  1.4513811481572256,
  1.4872827283373011,
  1.5194499624580273,
  1.5430453811376106,
  1.577759961008547,
  1.6141219551700772,
  1.6427304169812478,
  1.6787022114339223,
  1.699743033582245,
  1.7285941496199952,
  1.7635822136842259,
  1.7952594538893698,
  1.8272163004363828,
  1.8620770496460282,
  1.903478476219708,
  1.9456985168699552,
  1.9913823451760841,
  2.041923295453808,
  2.0829064881501824,
  2.1225598956564116,
  2.1416275908334996,
  2.152203549652285,
  2.1757832501019143,
  2.2233059697867303,
  2.2687495580970407,
  2.315942414414098,
  2.3605606764259277,
  2.4011036251099953,
  2.4376842079548173,
  2.4724003164432373,
  2.4998110311859754,
  2.5204154562629792,
  2.5345642465403087,
  2.5443251694483755,
  2.545179150237773,
  2.5421594259439884,
  2.5387986742212685
 ],
 "OutE": [
  0,
  0,
  0,
  0,
  0,
  0,
  0,
  0,
  0,
  0,
  0,
  0,
  0,
  0,
  0,
  0,
  0.33729006661701394,
  0.3227569588973982,
  0.28639695711595614,
  0.27619542764793914,
  0.27619542764793914,
  0.4262286569981449,
  0.5159469300074475,
  0.4689955935892813,
  0.4488644887230294,
  0.4138168503036339,
  0.37764632137370036,
  0.3478169135710632,
  0.5990326006132175,
  0.6917172761747099,
  0.6872937293736137,
  0.7402762459164649,
  0.7150856641533647,
  0.8078429497437902,
  0.8107434955849948,
  0.8725249324006572,
  0.8061093345067402,
  0.8396431538378962,
  0.8503810222661228,
  0.8580641918329468,
  0.8443577464248373,
  0.8205929799967753,
  0.869029017919783,
  0.9212744798920006,
  0.925294383601389,
  0.9567989321047217,
  1.0084642702273623,
  1.0271565853984936,
  1.0694826097227068,
  1.0603174141982978,
  1.0826165197998399,
  1.13388724633151,
  1.129507374830395,
  1.1542210371413935,
  1.1761033533848197,
  1.1684053717173244,
  1.1637587535960494,
  1.184804735572633,
  1.227501953191909,
  1.240450087938265,
  1.2751357600632869,
  1.2783406161805808,
  1.299156266686795,
  1.2996213436168498,
  1.312660489525046,
  1.3281671428094641,
  1.3352095399050097,
  1.369918073343343,
  1.3996411967847064,
  1.4124806414293358,
  1.4240325471071738,
  1.4737509099273363,
  1.5177649771803945,
  1.5655076181930638,
  1.6067258528962371,
  1.618352074337503,
  1.6757262903910382,
  1.6979389346964813,
  1.726412252551947,
  1.7428514290771078,
  1.768501149453621,
  1.7898918484043178,
  1.823245493609129,
  1.8508143668699015,
  1.8758768960449843,
  1.908925772041524,
  1.9476125388048853,
  1.977931468295305,
  2.00173250513561,
  2.0215094380773886,
  2.0655637221975462,
  2.099160943880443,
  2.131737200189897,
  2.1721007123598297,
  2.197976755920035,
  2.2315251100893465,
  2.2695872043397824,
  2.304599495965147,
  2.3385757306969577,
  2.377980703876583,
  2.4292124548329355,
  2.47643598297505,
  2.5212252635880517,
  2.5716590104309214,
  2.6104332573317155,
  2.641715748564469,
  2.6672102632671257,
  2.6804113528779987,
  2.6983823522805883,
  2.742042211121708,
  2.772615801063854,
  2.807588623058672,
  2.8380927888627907,
  2.861576638766149,
  2.8812423209372353,
  2.897569425334705,
  2.907081508066496,
  2.9139860171574923,
  2.921128435542132,
  2.92025439297729,
  2.9194130752326846,
  2.916707852645989,
  2.915564069829104
 ],
 "UndirectedE": [
  0,
  0,
  0,
  0,
  0,
  0,
  0,
  0,
  0,
  0,
  0,
  0,
  0,
  0,
  0,
  0,
  0.19590927087360502,
  0.18717625687320838,
  0.1654270339962669,
  0.1593500626856345,
  0.1593500626856345,
  0.34246377248179577,
  0.38094658570539014,
  0.4090731390438265,
  0.39124356362925555,
  0.4138168503036339,
  0.37764632137370036,
  0.3478169135710632,
  0.5845410305965464,
  0.6856294737379078,
  0.681823530082574,
  0.7854442080920829,
  0.7717803562194016,
  0.8463985973622523,
  0.8280301919244593,
  0.8668834358629935,
  0.8445141254601948,
  0.9018877315016857,
  0.9295746604749984,
  0.906190342535967,
  0.8743976750648607,
  0.8570439573333637,
  0.8724061409014492,
  0.9129250203113938,
  0.901206934379756,
  0.9333660358703432,
  0.9446311823377427,
  0.9631455329619761,
  0.998278510458969,
  0.9876043472039626,
  1.009932879778375,
  1.0365152985659751,
  1.032004505300734,
  1.0570228535647412,
  1.0669237199296824,
  1.0793334088048672,
  1.0900621624580158,
  1.1097934627868693,
  1.1525695147384594,
  1.1513720033975208,
  1.1478612567831068,
  1.1573054570454255,
  1.1739840075322905,
  1.1828917137796084,
  1.1995366584696747,
  1.2199137669094762,
  1.2393636505607248,
  1.2563520985498593,
  1.2825113464106714,
  1.3011794768861589,
  1.3290831703799941,
  1.3931916742728676,
  1.448918190510323,
  1.4944795883099014,
  1.543981754112588,
  1.548381069864649,
  1.5913178291850842,
  1.6258464720072912,
  1.6618696906964663,
  1.6803961774142007,
  1.7123406420497758,
  1.7389368434728414,
  1.7709938097192732,
  1.8036298255506273,
  1.829702353635021,
  1.8643014323703186,
  1.8995163192598548,
  1.9387123341417685,
  1.9705882161630552,
  1.9947543029635435,
  2.0386867670299975,
  2.0747861459840427,
  2.104908335073951,
  2.1456563695393767,
  2.1716510523704122,
  2.2045559730326776,
  2.2431392867118802,
  2.2806091420973167,
  2.3144260395212477,
  2.3538910030430054,
  2.402501139502561,
  2.4495072771138178,
  2.4968079626062147,
  2.550007257824275,
  2.5945240335531987,
  2.635266726838903,
  2.6604866335516624,
  2.6748753959299134,
  2.6998811564021574,
  2.750675344975148,
  2.794031713760821,
  2.8410115415886557,
  2.884958368071321,
  2.923910842251011,
  2.9610735219069912,
  2.9933321492738036,
  3.0186909988305413,
  3.0388139913815566,
  3.055316945487637,
  3.0652436264271996,
  3.0695596366119897,
  3.0717528547838904,
  3.073313481578524
 ]
}