{
 "InE": [
  0,
  0,
  0,
  0,
  0,
  0,
  0,
  0,
  0,
  0,
  0,
  0,
  0,
  0,
  0,
  0,
  0,
  0,
  0,
  0,
  0,
  0,
  0,
  0,
  0,
  0.4394969869215134,
  0.39124356362925555,
  0.33729006661701394,
  0.25801866866481543,
  0.4689955935892813,
  0.8030717273241024,
  0.9463729359854419,
  0.9668069839685596,
  0.9976498514006222,
  1.0678428865900869,
  1.0635471250994644,
  1.0932410473135532,
  1.212354848287396,
  1.2066366111456577,
  1.2320481811223418,
  1.1973077475999305,
  1.2034859800242799,
  1.226405767623327,
  1.3530082606875138,
  1.3720765185816515,
  1.3476088073572223,
  1.3948306488998319,
  1.4612385494476356,
  1.462598721807627,
  1.449829695750546,
  1.4202460689067105,
  1.3990882868234213,
  1.4259523508410612,
  1.4277567826260096,
  1.3806129113602335,
  1.3803510479929275,
  1.3789885971862212,
  1.3679399702498511,
  1.3540794090031125,
  1.398078724251954,
  1.4147989522166828,
  1.4415751509237125,
  1.4644744268019374,
  1.494073292361586,
  1.5607119134294847,
  1.592589855419381,
  1.6449764711031845,
  1.6890084006820927,
  1.7674574756323613,
  1.8322374572265727,
  1.8931271303978658,
  1.9428790601456607,
  1.974843368671891,
  2.0251105618658265,
  2.05721953203913,
  2.0797011118300155,
  2.1185151849058155,
  2.1358241478437296,
  2.153358722194049,
  2.151890570940883,
  2.1619137702289164,
  2.1626298607887677,
  2.178343584154458,
  2.183956835683682,
  2.1948365324570522,
  2.2282009756872156,
  2.250625630453089,
  2.2744400085558536,
  2.292145934885122,
  2.322354218354565,
  2.3541035313322864,
  2.388159847545533,
  2.414097701070454,
  2.450414068331867,
  2.4893137144585316,
  2.512567680687118,
  2.5392652847463255,
  2.5674159624163475,
  2.591173906017887,
  2.6164857818585876,
  2.6413131688728826,
  2.6686883395892296,
  2.6988086817227592,
  2.736350748140669,
  2.775947374303287,
  2.814983628877068,
  2.8372651375025533,
  2.857675520978893,
  2.9013281677492357,
  2.9632670464941553,
  3.0197450461192332,
  3.0656025382633634,
  3.111087834487419,
  3.1548739217006214,
  3.194859873810811,
  3.2392185821542308,
  3.2797563689025204,
  3.315241288071108,
  3.3556843072757285,
  3.4077794221925775,
  3.464138628810414,
  3.541141972801839,
  3.5733569601100594
 ],
 "OutE": [
  0,
  0,
  0,
  0,
  0,
  0,
  0,
  0,
  0,
  0,
  0,
  0,
  0,
  0,
  0,
  0,
  0,
  0,
  0,
  0,
  0,
  0,
  0,
  0,
  0,
  0,
  0.39124356362925555,
  0.33729006661701394,
  0.5689955935892813,
  0.7195563653739032,
  1.091571886725058,
  1.1691133650131686,
  1.0802740137340432,
  1.113064467905546,
  1.329015838284386,
  1.2915730474460072,
  1.2374799500175004,
  1.3435570869033582,
  1.421388600794778,
  1.5416820523842736,
  1.443465961955985,
  1.4605031992218367,
  1.4334057896248744,
  1.4849533427311945,
  1.535612141376682,
  1.5670687400733725,
  1.6530952731525281,
  1.6432742511347858,
  1.620606651454531,
  1.5805759350148354,
  1.5229655726848836,
  1.509527953080256,
  1.5338834796077896,
  1.5196368923732995,
  1.4891517933549854,
  1.4693879440941036,
  1.465350531804355,
  1.4434988350207647,
  1.428994416693138,
  1.4072531223444584,
  1.420199826416692,
  1.4148989147237683,
  1.440437508622119,
  1.4672589674088155,
  1.4964035375236429,
  1.509436610178948,
  1.5607515146324298,
  1.5861567862624673,
  1.6710086118902734,
  1.7057705807315693,
  1.7463472412695746,
  1.7738014131891724,
  1.8265543212085913,
  1.8522344427892166,
  1.874049184401555,
  1.905556768592575,
  1.936760565742569,
  1.958215933403805,
  1.9630244801980514,
  1.9698414138059588,
  1.9781840809525104,
  1.9797675924569762,
  1.9902440241110655,
  1.996143607680105,
  2.0011492873168906,
  2.0273202664749483,
  2.044753883994135,
  2.065050289742254,
  2.0800786527808044,
  2.107639709759014,
  2.130879878433844,
  2.1544960444575043,
  2.18322843841857,
  2.2156661158164903,
  2.255236674701527,
  2.286147087262827,
  2.3172002276269614,
  2.3502768727009866,
  2.3814315821341987,
  2.4151417152752583,
  2.446431106648142,
  2.4777640238624863,
  2.519601901971506,
  2.560899133943511,
  2.6043962125853946,
  2.652513000378317,
  2.6841973339598493,
  2.715345065162146,
  2.765892867563415,
  2.8274034133750616,
  2.878798548100747,
  2.932686381752753,
  2.986015952668997,
  3.039572830001747,
  3.0923419661034965,
  3.1484109918352767,
  3.2016208404623736,
  3.256708481084818,
  3.3241477680602634,
  3.4199228975935037,
  3.5306980741696545,
  3.662449730482524,
  3.7225229718920834
 ],
 "UndirectedE": [
  0,
  0,
  0,
  0,
  0,
  0,
  0,
  0,
  0,
  0,
  0,
  0,
  0,
  0,
  0,
  0,
  0,
  0,
  0,
  0,
  0,
  0,
  0,
  0,
  0,
  0.25801866866481543,
  0.39124356362925555,
  0.33729006661701394,
  0.4291223408533887,
  0.7723890519374954,
  1.125434295068862,
  1.2074528856420774,
  1.1532957752171604,
  1.161327137828927,
  1.357244434583896,
  1.3130046677958545,
  1.3344201868540018,
  1.4752441238880374,
  1.5497193967405145,
  1.6398386034437709,
  1.5499068062583952,
  1.581561933173731,
  1.5927667339097271,
  1.6807064996564867,
  1.7376398049759663,
  1.7599177112418767,
  1.817504503018659,
  1.8295422417447715,
  1.8081405993092696,
  1.7920109796941424,
  1.7704944465452406,
  1.7644270435693044,
  1.7946820882479126,
  1.788539010785027,
  1.7522112597664814,
  1.747803214287692,
  1.7321830405019736,
  1.7169980733429218,
  1.699268627979233,
  1.7002772478156358,
  1.7235514476227485,
  1.7404882158507906,
  1.7695246181631072,
  1.8063448362721146,
  1.871602164562018,
  1.8988270771763092,
  1.9576055402142833,
  1.9945663236201123,
  2.089084161064101,
  2.142196548802438,
  2.185496942220749,
  2.2231682675329,
  2.2775941292417587,
  2.3162661773634152,
  2.33954622107715,
  2.367494208521236,
  2.4025869370144615,
  2.4317452575465013,
  2.441253840114988,
  2.451436028431069,
  2.461827651282444,
  2.4658154971682937,
  2.4796773015457103,
  2.489914607138582,
  2.4989151064808484,
  2.5311560427365847,
  2.552405481636064,
  2.575844672514312,
  2.595715859096554,
  2.6308094269031916,
  2.658944135123635,
  2.6902066916997396,
  2.7217808405401605,
  2.7596578415860997,
  2.80368196357837,
  2.8362675348721096,
  2.869853017050443,
  2.9044585793859072,
  2.9356644321865466,
  2.9696985085818417,
  3.00259621963452,
  3.0352058719868467,
  3.0783087118586687,
  3.122958165051271,
  3.170239716839386,
  3.2217244076542673,
  3.255227980469087,
  3.2864409724123895,
  3.336316272100926,
  3.3983909848793905,
  3.453926593250049,
  3.51276269413251,
  3.5721665506139595,
  3.631337643061301,
  3.6886803506952552,
  3.7491440829110734,
  3.806609118260145,
  3.864218752019961,
  3.9308333178268478,
  4.021153609759086,
  4.125521028242264,
  4.2512913073874525,
  4.3123914781816
 ]
}