{
 "InE": [
  0,
  0,
  0,
  0,
  0,
  0,
  0,
  0,
  0,
  0,
  0,
  0,
  0,
  0,
  0,
  0,
  0,
  0,
  0,
  0,
  0,
  0,
  0,
  0,
  0,
  0,
  0,
  0,
  0,
  0,
  0,
  0,
  0,
  0,
  0,
  0,
  0,
  0,
  0,
  0,
  0,
  0,
  0,
  0,
  0,
  0,
  0,
  0,
  0,
  0,
  0,
  0,
  0,
  0,
  0,
  0,
  0,
  0,
  0,
  0,
  0,
  0,
  0,
  0,
  0,
  0,
  0,
  0,
  0,
  0,
  0.8812908992306926,
  0.8453509366224365,
  0.9456603046006401,
  1.198117421130403,
  1.6402239289418519,
  1.6578764348499595,
  1.6578764348499595,
  1.736196715624298,
  1.7755490855036324,
  1.6804530247303395,
  1.6855672020241237,
  1.602793038892871,
  1.5262117138015223,
  1.393456060011856,
  1.48942483416791,
  1.490668849865744,
  1.5425761948515224,
  1.5565051850051814,
  1.638952975346664,
  1.7670361791625413,
  1.7929702659340427,
  1.8123650987734563,
  1.870374266621777,
  2.0449825731043383,
  2.287441047088455,
  2.492433552066822,
  2.7414026093012915,
  2.9829241874449965,
  3.2727871321837627,
  3.3518183217005237,
  3.4767816224264667,
  3.630360338074444,
  3.7098744608581264,
  3.7649391242337513,
  3.8339386538924667,
  3.8899787558776993,
  3.920276066231594,
  3.96384517529222,
  4.041515216448283,
  4.072494829918314,
  4.118958723134203,
  4.132621688071509,
  4.181735703762616,
  4.198704771810876,
  4.2237364687532155,
  4.25878012650337,
  4.287315829097718,
  4.324919335387334,
  4.365435310729347,
  4.395178831915968,
  4.442564670477043,
  4.520245082894134,
  4.545739305857727
 ],
 "OutE": [
  0,
  0,
  0,
  0,
  0,
  0,
  0,
  0,
  0,
  0,
  0,
  0,
  0,
  0,
  0,
  0,
  0,
  0,
  0,
  0,
  0,
  0,
  0,
  0,
  0,
  0,
  0,
  0,
  0,
  0,
  0,
  0,
  0,
  0,
  0,
  0,
  0,
  0,
  0,
  0,
  0,
  0,
  0,
  0,
  0,
  0,
  0,
  0,
  0,
  0,
  0,
  0,
  0,
  0,
  0,
  0,
  0,
  0,
  0,
  0,
  0,
  0,
  0,
  0,
  0,
  0,
  0,
  0,
  0,
  0,
  1.3787834934861753,
  1.2987949406953985,
  1.224394445405986,
  1.2389012566026307,
  1.2475562489182657,
  1.4366664819166872,
  1.4366664819166872,
  1.476120721149274,
  1.456546354807554,
  1.3968436982954155,
  1.3733369624763627,
  1.3252571187602915,
  1.2787475490004676,
  1.2555859006715036,
  1.418598363704937,
  1.4274382472353144,
  1.4609484990831145,
  1.435317233350517,
  1.4976624652446482,
  1.4911299609313677,
  1.502460000367873,
  1.5052167401736194,
  1.657557838966885,
  1.8751755518384374,
  2.1009296207270474,
  2.5488520783679744,
  2.93860488828492,
  3.233546086475658,
  3.4872988084390935,
  3.6510469179068252,
  3.830267779991105,
  3.95916078826096,
  4.015283602765375,
  4.070058421943172,
  4.092778665980854,
  4.133448339826245,
  4.168018104707336,
  4.208967875310189,
  4.227107656766532,
  4.252653285122312,
  4.272368331413992,
  4.2864644821236295,
  4.313135895888259,
  4.336345317819019,
  4.367222928752673,
  4.410351582935475,
  4.451089678727965,
  4.4975010895815455,
  4.544865723324786,
  4.596457404239924,
  4.677612735490797,
  4.780746336590184,
  4.836799253379575
 ],
 "UndirectedE": [
  0,
  0,
  0,
  0,
  0,
  0,
  0,
  0,
  0,
  0,
  0,
  0,
  0,
  0,
  0,
  0,
  0,
  0,
  0,
  0,
  0,
  0,
  0,
  0,
  0,
  0,
  0,
  0,
  0,
  0,
  0,
  0,
  0,
  0,
  0,
  0,
  0,
  0,
  0,
  0,
  0,
  0,
  0,
  0,
  0,
  0,
  0,
  0,
  0,
  0,
  0,
  0,
  0,
  0,
  0,
  0,
  0,
  0,
  0,
  0,
  0,
  0,
  0,
  0,
  0,
  0,
  0,
  0,
  0,
  0,
  1.272905595320056,
  1.2210477851797181,
  1.2326602568158205,
  1.7676461209612238,
  1.9063137138648347,
  1.8856393315324211,
  1.8856393315324211,
  1.9062008403441681,
  1.9544225786428644,
  1.9127231817968613,
  1.9880821022675688,
  1.8826430493618416,
  1.7851178820922047,
  1.7333141467699005,
  1.9041177774798337,
  1.868736677579423,
  1.9267485851514372,
  1.9013950841212672,
  2.018306552851169,
  2.0696322265355,
  2.08092682057639,
  2.0852787587100816,
  2.232902144672353,
  2.419615176808775,
  2.6796795093479258,
  3.0283675595095216,
  3.365986577380726,
  3.6557963816775887,
  3.9152779555052075,
  4.134666335789045,
  4.321813958470717,
  4.445023686753466,
  4.542767391548969,
  4.629645581670425,
  4.6730799114312696,
  4.732655228795998,
  4.77572767566017,
  4.819315440472799,
  4.844312150627951,
  4.8846112941517745,
  4.912016751112816,
  4.936546655543293,
  4.974940801713706,
  5.008995424865363,
  5.051499667407773,
  5.102199636588021,
  5.147298724473382,
  5.200040456723515,
  5.252316771394294,
  5.304591814702049,
  5.379521415753081,
  5.476881592893819,
  5.5318386107006905
 ]
}