{
 "InE": [
  0,
  0,
  0,
  0,
  0,
  0,
  0,
  0,
  0,
  0,
  0,
  0,
  0,
  0,
  0,
  0,
  0,
  0,
  0,
  0,
  0,
  0,
  0,
  0,
  0,
  0,
  0,
  0,
  0,
  0,
  0,
  0,
  0,
  0,
  0,
  0,
  0,
  0,
  0,
  0,
  0,
  0,
  0,
  0,
  0,
  0,
  0,
  0,
  0,
  0,
  0,
  0,
  0,
  0,
  0,
  0,
  1.0612781244591327,
  0.9463729359854419,
  1.1160762796829875,
  1.4753310260333259,
  1.5308288130244003,
  1.7092538498801606,
  1.8463942615112183,
  1.8938127774445652,
  1.832268418519917,
  2.019840768992166,
  2.1306527883382094,
  2.2224318954378504,
  2.3514336627696952,
  2.392580752830892,
  2.4525885590731455,
  2.4974727495601092,
  2.551238935040019,
  2.5875552623065796,
  2.6549185563704096,
  2.6695495620088363,
  2.7313337691788546,
  2.777080940063601,
  2.7960410831606777,
  2.8681501850306454,
  2.921422222187462,
  2.963360919959287,
  2.992403849767644,
  3.0189538676532686,
  3.055403162933784,
  3.0633796965561033,
  3.072424216831634,
  3.0878314474016255,
  3.104947449113665,
  3.1436223290035823,
  3.185161189099714,
  3.2063721487898764,
  3.229268692555384,
  3.2510779141538575,
  3.2770177289259776,
  3.3022701439927906,
  3.3231666888187483,
  3.338041224073338,
  3.3535370559783497,
  3.3772672880711982,
  3.394180279672396,
  3.4133924551854236,
  3.420367523720252,
  3.4384408769785746,
  3.4563110026040205,
  3.473113587177266,
  3.4774115462872404,
  3.479743823016398,
  3.4782287716270215,
  3.4881701176247297,
  3.5048377252920244,
  3.5176429247736634,
  3.5349112097759305,
  3.548948790850248,
  3.5668839505382253,
  3.582859364595062,
  3.60218951537948,
  3.6179633527444452,
  3.6256755770068803,
  3.635944295013185,
  3.648782582261309,
  3.66796419096136,
  3.671224187441018
 ],
 "OutE": [
  0,
  0,
  0,
  0,
  0,
  0,
  0,
  0,
  0,
  0,
  0,
  0,
  0,
  0,
  0,
  0,
  0,
  0,
  0,
  0,
  0,
  0,
  0,
  0,
  0,
  0,
  0,
  0,
  0,
  0,
  0,
  0,
  0,
  0,
  0,
  0,
  0,
  0,
  0,
  0,
  0,
  0,
  0,
  0,
  0,
  0,
  0,
  0,
  0,
  0,
  0,
  0,
  0,
  0,
  0,
  0,
  0.7642045065086203,
  0.5435644431995963,
  0.8995676323871851,
  1.0741209043760984,
  1.1255995050773573,
  1.33695863316408,
  1.481113379104705,
  1.57189538908277,
  1.5720473618343314,
  1.6642233793024799,
  1.795641031195911,
  1.847311100356406,
  1.9883690988538651,
  2.0989898664706286,
  2.156632214023564,
  2.2145042353526683,
  2.2420375397117986,
  2.2502152087836755,
  2.264650782956536,
  2.2936797359761716,
  2.381081608166641,
  2.436937975023759,
  2.496204911854064,
  2.563604721178163,
  2.616868690815019,
  2.6521800946099408,
  2.69857116751536,
  2.7488619733721653,
  2.7934699526331364,
  2.80904971972324,
  2.8277304240584784,
  2.849013449132578,
  2.866485158718878,
  2.9019029290180467,
  2.9348111522863887,
  2.9586498368601655,
  2.9880892777155297,
  3.0156194229660946,
  3.051925423618255,
  3.0854633200539143,
  3.1189960276585715,
  3.1539747112872836,
  3.181666223162928,
  3.2067084350801305,
  3.225372386114668,
  3.2509315311245564,
  3.2668141625568525,
  3.2873342454561287,
  3.3067156964495314,
  3.3220948793216247,
  3.338216746470645,
  3.3518089651147522,
  3.366974821490965,
  3.378876695039625,
  3.392527770055919,
  3.410391469345805,
  3.4328956432566717,
  3.455880059683313,
  3.479787894767477,
  3.504602565203677,
  3.526100497064423,
  3.5452788918778144,
  3.567490431198795,
  3.6005729401727242,
  3.6405585752333707,
  3.6832017321470696,
  3.699097522536038
 ],
 "UndirectedE": [
  0,
  0,
  0,
  0,
  0,
  0,
  0,
  0,
  0,
  0,
  0,
  0,
  0,
  0,
  0,
  0,
  0,
  0,
  0,
  0,
  0,
  0,
  0,
  0,
  0,
  0,
  0,
  0,
  0,
  0,
  0,
  0,
  0,
  0,
  0,
  0,
  0,
  0,
  0,
  0,
  0,
  0,
  0,
  0,
  0,
  0,
  0,
  0,
  0,
  0,
  0,
  0,
  0,
  0,
  0.5916727785823275,
  0.7219280948873623,
  1.3787834934861753,
  1.1401156785146092,
  1.3458039247789417,
  1.7158594868308619,
  1.7005253863760188,
  1.942566029643199,
  2.0431783844947695,
  2.1340026963267467,
  2.114588672046273,
  2.2351712743343954,
  2.367158027619428,
  2.436407425288804,
  2.5812599289923774,
  2.7020564445626434,
  2.7707880078611,
  2.8359870268373037,
  2.87570666154866,
  2.89833062511697,
  2.9284568786221574,
  2.9668089803406317,
  3.0580201392797943,
  3.11765504566138,
  3.1797225689967203,
  3.2535648827036314,
  3.304792636658267,
  3.348014981148896,
  3.3930939794527255,
  3.4471745284831883,
  3.488712501623649,
  3.506764957223484,
  3.523414937307278,
  3.539964595712702,
  3.560010846467679,
  3.5979749864484036,
  3.6338439424956026,
  3.6598373572719933,
  3.6917332388870516,
  3.7245203437984817,
  3.7610951969433364,
  3.793296209393167,
  3.8273081367522535,
  3.8601302788390623,
  3.8850966933613584,
  3.9094200083075044,
  3.927391611313368,
  3.951825118474886,
  3.96546795561481,
  3.985432755555767,
  4.005637460580918,
  4.021496755524839,
  4.033776998205472,
  4.0422135306037585,
  4.047269927984937,
  4.053135492751857,
  4.067387261200342,
  4.086785141581803,
  4.11084919205734,
  4.135256144900267,
  4.161339422676624,
  4.188529779710519,
  4.212836866651475,
  4.233184435203062,
  4.254333871339087,
  4.281292393318233,
  4.3142344084093995,
  4.348866477646301,
  4.362879374665401
 ]
}