{
 "InE": [
  11.916432489514452,
  12.0131746423124,
  12.117318422851897,
  12.244857978121418,
  12.358666567007182,
  12.463882304070669,
  12.575695560082261,
  12.67699351376297,
  12.76932781581587,
  12.877803445488444,
  12.999426352786045,
  13.104696412607804,
  13.217925085391045,
  13.32450248277187,
  13.417957059153215,
  13.501662967707631,
  13.595101931497695,
  13.702334383174295,
  13.804320218721115,
  13.899777619865779,
  13.999386535890888,
  14.08422211578531,
  14.17876397957949,
  14.27210526935814,
  14.366119764445843,
  14.456337425453995,
  14.552350022053739,
  14.63975946470696,
  14.729466060168601,
  14.823858616629767,
  14.912114802607245,
  15.001546127406753,
  15.093911448963341,
  15.178192198279318,
  15.263489745798841,
  15.347394716405963,
  15.423251395103218,
  15.501118309487682,
  15.584502428813604,
  15.663572041528258,
  15.749765395584179,
  15.83805018297704,
  15.930005574884966,
  16.02415497244554,
  16.12236395003616,
  16.23190652736772,
  16.339715511537726,
  16.457159696087082,
  16.577367282245387,
  16.697058842477013,
  16.827067461918443,
  16.955229766365782,
  17.087657281960883,
  17.22319350471566,
  17.356382839702015,
  17.496034675994242,
  17.632689714967245,
  17.75794706654263,
  17.870714834312217,
  17.97669665384947,
  18.07517696833783,
  18.16702269563078,
  18.25148385994645,
  18.329851392691587,
  18.399741296918688,
  18.463589296016735,
  18.51779829341809,
  18.56800431874798,
  18.605623986395607,
  18.63908929108251,
  18.656743618707008,
  18.65674602143633,
  18.65674602143628
 ],
 "OutE": [
  11.305453464139863,
  11.397999123494424,
  11.502922797504864,
  11.620718194041562,
  11.747811488097055,
  11.864678814252436,
  11.977873795950496,
  12.089338083311528,
  12.196187275203117,
  12.315650354581527,
  12.434487706078022,
  12.555626297288407,
  12.683496853813509,
  12.796804995989696,
  12.921536331058139,
  13.046853475096182,
  13.165359482234539,
  13.300914865885387,
  13.404617729630877,
  13.540087925472212,
  13.666937610187016,
  13.786549328658696,
  13.907255915437224,
  14.036421398610308,
  14.153834188766519,
  14.277262475010016,
  14.398275609215505,
  14.504730974291622,
  14.620254742990122,
  14.730075503513204,
  14.837344850550103,
  14.948794864226715,
  15.046201848136407,
  15.143407430757373,
  15.245763047862543,
  15.350478913218353,
  15.441013887380807,
  15.547902985850484,
  15.665839559173762,
  15.769477526213322,
  15.88658142244851,
  16.004424886819496,
  16.12008063189541,
  16.22995403277622,
  16.341417786043618,
  16.470360729596404,
  16.60379300336024,
  16.75232730166236,
  16.905163490662485,
  17.060867968425956,
  17.220074864492123,
  17.37693825558351,
  17.54168337951847,
  17.702414045675983,
  17.85642470072576,
  18.009233265439416,
  18.159510858232764,
  18.30050877365992,
  18.42689569411509,
  18.545857345202002,
  18.65297360425732,
  18.75133735112993,
  18.844594878016565,
  18.93196825689656,
  19.012242324468094,
  19.085623403949292,
  19.149219801529174,
  19.206429825065126,
  19.249636574760263,
  19.28676675911846,
  19.307467866225046,
  19.30747083812515,
  19.307470838126015
 ],
 "UndirectedE": [
  12.370758677325217,
  12.463244412743272,
  12.56522615983187,
  12.686763456896934,
  12.806583403533141,
  12.915565111044897,
  13.027594105187553,
  13.132377313342543,
  13.228021201685507,
  13.33945136940712,
  13.456371597150586,
  13.564892901688777,
  13.679620735702866,
  13.782634311642601,
  13.88643659188392,
  13.985884983186137,
  14.08734277677324,
  14.202520927032332,
  14.300267200796634,
  14.410626894033921,
  14.518648184024679,
  14.61569698112435,
  14.719458281311725,
  14.826132595614506,
  14.928378012315656,
  15.029900455701156,
  15.134195416316665,
  15.22565216108666,
  15.323501344334634,
  15.419810711647504,
  15.513520618254752,
  15.608488322817196,
  15.699807134397501,
  15.786970157952823,
  15.876589317846896,
  15.967499592737145,
  16.049125168666272,
  16.137288901680172,
  16.233792996339595,
  16.32130331171012,
  16.418148452796117,
  16.516453179662815,
  16.615144351934617,
  16.712770750512444,
  16.81281217701996,
  16.92815021296435,
  17.04481890818264,
  17.17184901807079,
  17.299564244667888,
  17.427154430560883,
  17.561017986056964,
  17.692288306120428,
  17.8305153472146,
  17.969720693996443,
  18.105302277951157,
  18.2445331996323,
  18.381094912281586,
  18.50839027127696,
  18.6229968940716,
  18.730944797618857,
  18.829922095254837,
  18.922125990492948,
  19.008296061737006,
  19.088614347040604,
  19.16142270208423,
  19.227551206337765,
  19.28404830300975,
  19.335333629359628,
  19.373887163955956,
  19.407253280753938,
  19.425207282090213,
  19.425209935995312,
  19.425209935995753
 ],
 "InSE": [
  0.9323290132351897,
  0.9324256106458939,
  0.9323923402090741,
  0.9328662830056603,
  0.9327711020567658,
  0.9326844464933509,
  0.932529237806621,
  0.9323531644105161,
  0.9318389883289366,
  0.931818352488296,
  0.9319005534978068,
  0.9320370756244706,
  0.9319341463407834,
  0.931900314645919,
  0.9314270099610331,
  0.9303554734308697,
  0.9294149695040848,
  0.928752830106514,
  0.9281966272031396,
  0.9271457676361593,
  0.9266011242926312,
  0.9258162191092096,
  0.9251227730169959,
  0.924283822150036,
  0.9237968631699294,
  0.9229166049757609,
  0.922311543026525,
  0.9217416389113114,
  0.9210503661094044,
  0.9206470466628636,
  0.9200256956264079,
  0.9194836695759634,
  0.9190852421616935,
  0.9186417360304242,
  0.9179765364949408,
  0.9171307343958596,
  0.9157602526670523,
  0.9148581527757138,
  0.9139657457068738,
  0.9129388210371311,
  0.9121021419893347,
  0.9114162782579899,
  0.9108213507597539,
  0.9105659890089608,
  0.9104527346248423,
  0.9101271832175021,
  0.9098168733172245,
  0.9093729746177611,
  0.9089661536948308,
  0.9085402439874432,
  0.9083703219240423,
  0.9084130727196414,
  0.9084735320050121,
  0.9089000849562793,
  0.9094200183889889,
  0.9101953397835965,
  0.9109721719876487,
  0.9115565968045353,
  0.912110552166617,
  0.9125732533810029,
  0.9130246171638323,
  0.9133851976158097,
  0.913665777950087,
  0.9139178800550222,
  0.9140780961771836,
  0.9142397155393954,
  0.9143431514252248,
  0.9144763180712622,
  0.9145375238514903,
  0.9146116084174928,
  0.9146444277780782,
  0.9146444050926122,
  0.9146444050926098
 ],