{
 "InE": [
  15.409139041630077,
  15.529204007337867,
  15.639774713803426,
  15.761215042036376,
  15.88579542240136,
  16.006145071728934,
  16.120101712247443,
  16.22613420767075,
  16.333339159182195,
  16.450473914165546,
  16.578745974614698,
  16.69205986089606,
  16.81127280268981,
  16.924606885516628,
  17.035623416179348,
  17.145735448709136,
  17.2624802070491,
  17.379165617528407,
  17.511047635546195,
  17.63346318450079,
  17.757111272380655,
  17.861234272123532,
  17.97956789730734,
  18.10136007041303,
  18.20949949921825,
  18.33162312259008,
  18.453449727916382,
  18.563694582522484,
  18.674502473966523,
  18.78008635873589,
  18.89286328699838,
  19.002397349849755,
  19.12339163994412,
  19.22671168910389,
  19.33637850839467,
  19.439387065486407,
  19.534219137728357,
  19.634505035980705,
  19.737748137809675,
  19.83256992392531,
  19.934140456382565,
  20.035963009609322,
  20.1343659201599,
  20.23187577312674,
  20.330850235325705,
  20.436148943019848,
  20.538897118588036,
  20.645605001739355,
  20.75366586450947,
  20.861723112054012,
  20.97473382840985,
  21.08335904086188,
  21.195942000015005,
  21.308604107115503,
  21.42351607289287,
  21.54090080571681,
  21.656849005965924,
  21.76495897559898,
  21.862068545664044,
  21.954695149080433,
  22.044464132151738,
  22.129900132295923,
  22.212191785197092,
  22.290786159470972,
  22.364405397295876,
  22.433095098276247,
  22.494504495908497,
  22.55223509107106,
  22.595678403570314,
  22.635327074651897,
  22.656937794570315,
  22.656941231141012,
  22.656941231142042
 ],
 "OutE": [
  11.745038026501947,
  11.829593118034518,
  11.93892203131684,
  12.069696564137201,
  12.18086880416585,
  12.290653078485445,
  12.396817153685024,
  12.50820807722993,
  12.598851463975748,
  12.70312589318953,
  12.80152258909843,
  12.912254178535076,
  13.02811451655323,
  13.127731300123202,
  13.257392552902251,
  13.38293894857917,
  13.49672704634579,
  13.629204766736756,
  13.705972039388337,
  13.806049817560814,
  13.927508636496691,
  14.052144029070773,
  14.168382992919167,
  14.289957190317452,
  14.406531860061621,
  14.531665237724038,
  14.653770074377686,
  14.760945707935221,
  14.871059123263148,
  14.981881706007377,
  15.083198531337167,
  15.19550991181518,
  15.272926081460444,
  15.370865672617363,
  15.47208034665833,
  15.579332595750492,
  15.682187767140466,
  15.787087863955524,
  15.89876169194169,
  16.008625235056954,
  16.12451085067609,
  16.23678971710371,
  16.348378202540818,
  16.45766692119546,
  16.56579689830815,
  16.695981462001573,
  16.827413873107098,
  16.9756700113882,
  17.12448372384085,
  17.276350629573606,
  17.435542758802082,
  17.594600768764312,
  17.75797187344,
  17.916189594892767,
  18.061994213738735,
  18.210439654463904,
  18.354158069140535,
  18.4904792303278,
  18.61334875986743,
  18.72980076605418,
  18.83413972180715,
  18.929562295605226,
  19.020072640573392,
  19.1047688005689,
  19.18292475481602,
  19.2530467976076,
  19.315012702862294,
  19.37105332967868,
  19.413567439550548,
  19.45072863837053,
  19.471168752370627,
  19.471172212518642,
  19.471172212518443
 ],
 "UndirectedE": [
  14.504894297146494,
  14.607236814034412,
  14.716293185690732,
  14.84134841802225,
  14.958870070236902,
  15.073277964165388,
  15.182421117425719,
  15.290131696685949,
  15.387844841584187,
  15.497068450087333,
  15.609351153293115,
  15.719642043320427,
  15.83586485859921,
  15.939883062422469,
  16.058985119901493,
  16.175355853926824,
  16.289181277064834,
  16.411132624533032,
  16.51426305456782,
  16.623751856191827,
  16.74482152631947,
  16.856975247191265,
  16.97288681753265,
  17.09324410138829,
  17.204289576994437,
  17.326338108973694,
  17.44712751782947,
  17.55408235679387,
  17.662746276190436,
  17.76856494858977,
  17.874239746311613,
  17.983308183692678,
  18.081545487705604,
  18.180731420380674,
  18.284682907155137,
  18.388011216142363,
  18.485545987962627,
  18.586484245758907,
  18.69210561413962,
  18.79227017643325,
  18.898517835519982,
  19.00329149776131,
  19.105438581848652,
  19.206326508914195,
  19.307339765865137,
  19.422142073697014,
  19.536127150402233,
  19.65903988520111,
  19.781828616881423,
  19.905595537643705,
  20.03523441998575,
  20.162275944542937,
  20.293810177274963,
  20.423336686309167,
  20.54846824459891,
  20.676377591902835,
  20.80133728931054,
  20.91902759422635,
  21.02496691401838,
  21.125645429251712,
  21.219521641848285,
  21.307285352612517,
  21.39138762917921,
  21.471044046592464,
  21.54533304295008,
  21.613173025656124,
  21.673563620803655,
  21.729278406590733,
  21.771352653786074,
  21.808947749043927,
  21.82950086369341,
  21.82950435854423,
  21.82950435854402
 ],
 "InSE": [
  0.9828859010512266,
  0.9830128071330914,
  0.9829756709860957,
  0.9829657816808285,
  0.982992988063739,
  0.9829755876810489,
  0.9828903177542421,
  0.9827232499826086,
  0.9825293484429998,
  0.9823900293046576,
  0.9824026765909857,
  0.9823790003326447,
  0.9822570703980894,
  0.982014263006589,
  0.9818388858356101,
  0.981532621299394,
  0.9812294356276627,
  0.9809457008160682,
  0.980752611834996,
  0.9804677000495867,
  0.9802249311985143,
  0.9798940797339784,
  0.9796123172016682,
  0.9793209202794824,
  0.9790080257378012,
  0.9787078860563219,
  0.9783908550857775,
  0.9780001351359032,
  0.9775860995742937,
  0.9771362809959668,
  0.9767883667057642,
  0.9764109303134993,
  0.9760780647451407,
  0.9756939976601756,
  0.975282967088118,
  0.9747472531430321,
  0.9737098472776847,
  0.9731317632530733,
  0.9725250050602233,
  0.9717937750912717,
  0.971084388265848,
  0.9703963715518038,
  0.9696002270567349,
  0.9689564235901504,
  0.9683523893528162,
  0.9674437306739335,
  0.9664985134661327,
  0.9651040371474924,
  0.9635336441741854,
  0.9619593675877648,
  0.9604493970251864,
  0.9590703743612555,
  0.9577560451208306,
  0.9567262967869221,
  0.9558678549098824,
  0.9551865804342996,
  0.9545703027841899,
  0.9539770766808484,
  0.9534831696168201,
  0.9530093078763768,
  0.9526012628296316,
  0.9522398030637621,
  0.9518966052428852,
  0.9516028474594042,
  0.9513407799041418,
  0.9511102261601684,
  0.9509391523822031,
  0.9507955155903645,
  0.9506652349652688,
  0.9505545894668548,
  0.9504997742354907,
  0.9504998185811799,
  0.9504998185812231
 ],