{
 "InE": [
  0.6501760097038088,
  0.6580925929421712,
  0.6727193249158987,
  0.6883602642821156,
  0.7073660976637695,
  0.7241970716637425,
  0.7415015588808495,
  0.7591250610356557,
  0.7777846512897472,
  0.8013984181433944,
  0.8135536034746179,
  0.8314350188531772,
  0.846819540806658,
  0.8730285133417136,
  0.888227737713988,
  0.908522933330679,
  0.9317393311876316,
  0.950010660145989,
  0.9741188698198565,
  0.9941118041133945,
  1.0125225957793942,
  1.0310087651424182,
  1.0511966430951607,
  1.0690922880088323,
  1.087631803963495,
  1.1092699566879607,
  1.1316373266560016,
  1.1546600511916907,
  1.1782322958900298,
  1.2040718883571835,
  1.2249795456281023,
  1.245670261207278,
  1.273315887044038,
  1.294596522223775,
  1.3193112977673036,
  1.3446155666992166,
  1.3719873461815604,
  1.3979078405039351,
  1.4244855969464245,
  1.4535644202494453,
  1.4856477719436842,
  1.5147358990596689,
  1.5477969742172606,
  1.5755713328819176,
  1.6051746887822307,
  1.6441586849563121,
  1.6842869509310314,
  1.7378646477246638,
  1.7978514645180308,
  1.857642996055703,
  1.918604814084224,
  1.9785036433203205,
  2.040303816548033,
  2.098175998624858,
  2.1499422841326434,
  2.2004769974191833,
  2.250282763820751,
  2.294595731513409,
  2.3338969729256207,
  2.368245024796972,
  2.397372194862546,
  2.4228123095484135,
  2.4454319261346638,
  2.464661186666071,
  2.4802902860544096,
  2.493024884847734,
  2.5006825054160196,
  2.506607386529117,
  2.5094287986886394,
  2.5093912242836414,
  2.507653291112568,
  2.507654053206354,
  2.507654053206353
 ],
 "OutE": [
  4.08420703339001,
  4.115012313839452,
  4.14441366326376,
  4.1725607445299335,
  4.209384090836646,
  4.243265387044694,
  4.269953739946718,
  4.287167084915288,
  4.306103415328213,
  4.339731379637647,
  4.367038768425642,
  4.399483675598447,
  4.426261687045658,
  4.455764553207061,
  4.4845234651903585,
  4.515253452368412,
  4.5486846906543335,
  4.580176188104911,
  4.6160619991662495,
  4.653355301110104,
  4.693068536388712,
  4.725090726502453,
  4.762910398879327,
  4.805583241314443,
  4.840684240905125,
  4.888090820044053,
  4.935846390636366,
  4.97774501531851,
  5.019771603636732,
  5.060127988941446,
  5.100862666642704,
  5.141692951274724,
  5.186756465847366,
  5.225819297558657,
  5.2709703964002985,
  5.314887892875665,
  5.364230589184073,
  5.4064094051318925,
  5.450326885732923,
  5.493617221067694,
  5.541678036887071,
  5.588116365069233,
  5.633676000023589,
  5.678686277470172,
  5.722365161418284,
  5.775464109150159,
  5.8276218839465646,
  5.89224936696202,
  5.958819881319436,
  6.023865622155546,
  6.0891575184815245,
  6.149073058659701,
  6.206087519627574,
  6.257716582375804,
  6.305608242188866,
  6.351395517031546,
  6.393213902686644,
  6.431587759999984,
  6.4650664168757315,
  6.4960101364794784,
  6.527622061276437,
  6.557037243473062,
  6.586067149523772,
  6.613543520992237,
  6.639412668050346,
  6.662910077162453,
  6.682576639447015,
  6.701926952105588,
  6.716019615464503,
  6.728838263617775,
  6.734353959923563,
  6.734353188824565,
  6.734353188824564
 ],
 "UndirectedE": [
  1.386245881773603,
  1.3878047272853742,
  1.40044789918935,
  1.4146566497792599,
  1.4289347460636201,
  1.442457600204194,
  1.455396131624797,
  1.4716819493288722,
  1.4843900814067863,
  1.5020371522447855,
  1.5094687449418869,
  1.524631668687568,
  1.5374306847155907,
  1.5562931169595695,
  1.5707472261568223,
  1.5887744292960424,
  1.6072767165975579,
  1.6248102915305687,
  1.6391239174760093,
  1.6533750991387277,
  1.6665986749767485,
  1.6835579019307905,
  1.6985563922645974,
  1.7113084627408375,
  1.7262504251558164,
  1.742368412426471,
  1.7591340559262805,
  1.7764413675608914,
  1.7947505776554955,
  1.815554810771117,
  1.8301445506458913,
  1.8457504759877719,
  1.8636519980272164,
  1.8789799451588802,
  1.8971177109597281,
  1.9169427062653488,
  1.9381126414943999,
  1.9589616625044795,
  1.980541555794829,
  2.005259252608689,
  2.0324086034982782,
  2.0565279427301517,
  2.084692427640626,
  2.107612457576627,
  2.1325805302414373,
  2.16689946494773,
  2.202646392202838,
  2.251399572330439,
  2.3061940936987013,
  2.3608108492372035,
  2.417345260601363,
  2.473765141407991,
  2.5329535637464144,
  2.5891450040543074,
  2.6381945176550268,
  2.6866595156091417,
  2.7348941842531223,
  2.777684736183025,
  2.8159835437538536,
  2.8491905148208656,
  2.87606345020285,
  2.8991072097338346,
  2.91911308721226,
  2.935589703170392,
  2.9485951796813685,
  2.958500028321557,
  2.9635698125669254,
  2.9666930515033467,
  2.9673652699932176,
  2.9651097804348074,
  2.962190341726934,
  2.962191430765511,
  2.9621914307655146
 ]
}