{
 "InE": [
  1.3263595486081583,
  1.3498576121017891,
  1.3817102624576403,
  1.3972613759808121,
  1.4223232051619963,
  1.449834547340508,
  1.4768641703906218,
  1.5096233525763982,
  1.5479284157452877,
  1.5903854085133398,
  1.617145529358375,
  1.6455979127887375,
  1.6628930482550277,
  1.7078596162115625,
  1.744633867801441,
  1.7793267471389935,
  1.8144256502940106,
  1.8397484548091827,
  1.880671107048859,
  1.9161136567002452,
  1.9522895026630103,
  1.9851125885476932,
  2.020371884328824,
  2.055401063827077,
  2.085717010383895,
  2.123348430306104,
  2.1556342595766744,
  2.1951067204301555,
  2.2324244837644005,
  2.271114246321925,
  2.305443140568551,
  2.3375756553770586,
  2.3814668197232423,
  2.420263076354731,
  2.45455359103001,
  2.4935525593588372,
  2.537620487910587,
  2.5741475028554723,
  2.613311643082156,
  2.6563405904437905,
  2.700667719930782,
  2.7423726674620243,
  2.790691352970065,
  2.832263471412127,
  2.870862377437295,
  2.92734308950396,
  2.9883190974153044,
  3.071211733373014,
  3.1639625813675436,
  3.259579905384803,
  3.349112675505897,
  3.4404291745373734,
  3.529393761832725,
  3.607043065431268,
  3.6785597003678725,
  3.742866350428353,
  3.806405339265103,
  3.8660463488031125,
  3.917833766516949,
  3.9657209406950633,
  4.0093560145836316,
  4.049284150003418,
  4.089030137779706,
  4.124880843460544,
  4.155723159980825,
  4.183849216282269,
  4.205641623752559,
  4.225590022496685,
  4.238897724540792,
  4.248388316891267,
  4.253316902406129,
  4.253313517503012,
  4.253313517503014
 ],
 "OutE": [
  2.0401704043478217,
  2.0634363035997194,
  2.0881168336498925,
  2.1070841537412717,
  2.126176997500222,
  2.1518858911929333,
  2.167587482768587,
  2.1840729095343394,
  2.196871628013694,
  2.2288759411948877,
  2.2424838903089466,
  2.263429858451628,
  2.279754234148816,
  2.319003997867004,
  2.334129253531347,
  2.347479514474108,
  2.3701885170242183,
  2.391240228036985,
  2.415975377960551,
  2.4430923487651324,
  2.4704970760080096,
  2.4969017745558273,
  2.5248691415953375,
  2.5521636460573855,
  2.581080541001851,
  2.6102050311322937,
  2.6415246893121136,
  2.67613015830982,
  2.7102959682859202,
  2.7470310974374645,
  2.779692814076043,
  2.8124689651229917,
  2.85001236040854,
  2.885077850275314,
  2.9216151998819826,
  2.9621474280063746,
  3.00713486084118,
  3.047911973386336,
  3.0901532979681043,
  3.1353066073186078,
  3.185863027312691,
  3.2355999736325862,
  3.2907785341483384,
  3.3413419154241346,
  3.389702083056046,
  3.4526871355476296,
  3.5179613984163436,
  3.605584300094884,
  3.6980907428809413,
  3.7884729488636553,
  3.8779620638899086,
  3.9613059478456707,
  4.040227992508199,
  4.110797393121247,
  4.175380565085386,
  4.23648840123466,
  4.292151436588641,
  4.344881875854739,
  4.390742816581736,
  4.434911797477506,
  4.477721696179257,
  4.517229769611025,
  4.554527883000709,
  4.588024889109789,
  4.6180557753596485,
  4.645602150949264,
  4.667617090756629,
  4.688430026651043,
  4.704312094642577,
  4.718330443303242,
  4.72437847275379,
  4.724377508759931,
  4.724377508759926
 ],
 "UndirectedE": [
  1.924348426516678,
  1.9502229033001661,
  1.9757928808541099,
  1.9919277288841453,
  2.0153291096029267,
  2.0466274096642776,
  2.0674031274798113,
  2.095801050770545,
  2.1254555870375387,
  2.1676525418582657,
  2.1920755700002403,
  2.221177095485835,
  2.244296273042437,
  2.2918668042504033,
  2.3236741058145944,
  2.356854371612446,
  2.3905440393180997,
  2.4207995420144863,
  2.4591401101872528,
  2.4957141471341404,
  2.53349402805842,
  2.572112799958967,
  2.6086958945430134,
  2.6450093821244534,
  2.6787459598679786,
  2.717534345550948,
  2.7549800678933583,
  2.8000591371426045,
  2.842064176569608,
  2.8862799728812747,
  2.9249453440651263,
  2.965626627612116,
  3.0107917246487292,
  3.052024660179135,
  3.0930000424421267,
  3.1371256014695525,
  3.185343415033658,
  3.2298184293887835,
  3.276403267261653,
  3.3252589741609277,
  3.379496900712903,
  3.432398382178573,
  3.4910539080198566,
  3.541855798257576,
  3.5911594015391097,
  3.6551558037364233,
  3.723884984803533,
  3.8199998565356146,
  3.9275640481882195,
  4.03450102800171,
  4.139213508832943,
  4.241704315975991,
  4.342112936575399,
  4.433267408441211,
  4.516915895785431,
  4.595097783963566,
  4.670788898536024,
  4.741249239273947,
  4.8037757841927755,
  4.862244951735754,
  4.916596680949937,
  4.965021722249016,
  5.011756707356596,
  5.05386924493543,
  5.091780375440743,
  5.126683498087481,
  5.154854681188176,
  5.180926636587503,
  5.199592235399208,
  5.2153250979772885,
  5.22296756042555,
  5.222966442187004,
  5.222966442187026
 ]
}